{"cameraMode":{"drawMode":0,"name":"Shaded","section":"Shading Mode"},"sceneLighting":true,"audioPlay":false,"sceneViewState":{"showFog":true,"showMaterialUpdate":false,"showSkybox":true,"showFlares":true,"showImageEffects":true,"showParticleSystems":true},"in2DMode":false,"pivot":{"x":-4.789702415466309,"y":-13.347944259643555,"z":-30.801097869873048},"rotation":{"x":0.020047305151820184,"y":-0.9681398272514343,"z":0.23569585382938386,"w":0.08238432556390763},"size":26.180910110473634,"orthographic":false}