{"cameraMode":{"drawMode":0,"name":"Shaded","section":"Shading Mode"},"sceneLighting":true,"audioPlay":false,"sceneViewState":{"showFog":true,"showMaterialUpdate":false,"showSkybox":true,"showFlares":true,"showImageEffects":true,"showParticleSystems":true},"in2DMode":false,"pivot":{"x":4.571479797363281,"y":-19.636133193969728,"z":-25.188505172729493},"rotation":{"x":-0.005082782357931137,"y":-0.9330418109893799,"z":0.35953935980796816,"w":-0.013163598254323006},"size":27.225318908691408,"orthographic":false}