{"cameraMode":{"drawMode":0,"name":"Shaded","section":"Shading Mode"},"sceneLighting":true,"audioPlay":false,"sceneViewState":{"showFog":true,"showMaterialUpdate":false,"showSkybox":true,"showFlares":true,"showImageEffects":true,"showParticleSystems":true},"in2DMode":false,"pivot":{"x":-7.256196975708008,"y":-23.080360412597658,"z":-44.53877258300781},"rotation":{"x":0.0175755824893713,"y":-0.9747611284255981,"z":0.2065466195344925,"w":0.08294567465782166},"size":48.06715393066406,"orthographic":false}